Alpha,Average Cost,Average Accuracy
0.0,0.6131014909065542,0.65
0.1,0.6117167292880316,0.65
0.2,0.6104518410481592,0.65
0.3,0.6093076126287471,0.65
0.4,0.6082847787208743,0.7
0.5,0.6073840203418356,0.7
0.6,0.606605963017278,0.7
0.7,0.6059511750792497,0.7
0.8,0.6054201660904043,0.75
0.9,0.6050133854040143,0.75
1.0,0.6047312208687539,0.75
